page_url,title,price,min_order,order,feedback,seller,store_url,store_feedback
http://www.dhgate.com/w/%27drone%27/1.html,S-SERIES S20W Double GPS Dynamic Follow WIFI FPV With 1080P Wide Angle Camera RC Drone Quadcopter Racing Quadcopter VS UP Air,248.335,1,1,0,yangt520,//www.dhgate.com/store/21016485,100.0
http://www.dhgate.com/w/%27drone%27/1.html,JJRC DHD D5 Selfie FPV Drone With HD Camera Foldable RC Pocket Drones Phone Control Helicopter Mini Dron VS JJRC H37 523 Quadcopter,29.015,1,23,2,coollth,//www.dhgate.com/store/20511680,98.2
http://www.dhgate.com/w/%27drone%27/1.html,JJRC DHD D5 Selfie FPV Drone With HD Camera Foldable RC Pocket Drones Phone Control Helicopter Mini Dron VS JJRC H37 523 Quadcopter,22.814999999999998,5,395,8,luckyshop168,https://www.dhgate.com/store/18264285,99.1
http://www.dhgate.com/w/%27drone%27/1.html,Magic Speed RC Drone RTF 1080P HD WiFi Camera Height Holding One Key Mode Helicopter Remote Control Toys Professional RC Drones,60.42,1,1,0,mummy2baby,//www.dhgate.com/store/20968932,100.0
http://www.dhgate.com/w/%27drone%27/1.html,DJI Mavic PRO parts accessiories Blue black Hat Outdoor Cotton Visor Hat drone hat,7.970000000000001,1,5,0,modelfans,//www.dhgate.com/store/14440557,0
http://www.dhgate.com/w/%27drone%27/1.html,Mini 4-Axis Gyro Remote Control plane Toy 360 Degree Rolling Quadcopter Aircraft Mini Drone RC Helicopter H36,20.935000000000002,1,23,3,jinziyi,//www.dhgate.com/store/20711775,100.0
http://www.dhgate.com/w/%27drone%27/1.html,RC Drone Flying copter Ball Aircraft Helicopter Led Flashing Light Up Toys Induction Electric Toy sensor Kids Children Christmas,5.125,20,482,2,jyzg,//www.dhgate.com/store/jyzg,98.9
http://www.dhgate.com/w/%27drone%27/1.html,2017 New Toy XT-1 Drone With Camera 1080P HD Foldable RC Drones 2.4G 4CH 6-Axis RC Helicopter Real Time Quadcopter WIFI FPV RTF Dron 2MP,62.25,1,3,2,aasz,//www.dhgate.com/store/aasz,98.6
http://www.dhgate.com/w/%27drone%27/1.html,TPU Material 3D Printed Protecive Case Camera Protector for SQ11 1080P Mini Camera FPV Racing Quadcopter Drone Accessories,10.940000000000001,2,0,0,hello03,//www.dhgate.com/store/20322577,97.6
http://www.dhgate.com/w/%27drone%27/1.html,Newest JJRC H47 Mini RC Drone ELFIE Plus HD Camera Upgraded Foldable Arm Quadcopter RC Helicopter VS H37 Mini Eachine E56,39.905,1,2,0,yixinlong18,//www.dhgate.com/store/21062040,100.0
http://www.dhgate.com/w/%27drone%27/1.html,Wholesale- Precise Manual Repair Tools 12 In 1 Precision Screwdriver Set Kit Leather Wallet for DJI Phantom 3 4 3S RC Drone Mobile Phone,13.645,2,1,0,shangyao,//www.dhgate.com/store/20061683,96.8
http://www.dhgate.com/w/%27drone%27/1.html,4 Color New Cheerson CX-10 Mini 2.4G Remote Control Toys RC Drone Quadcopter rc helicopter 4Channel 2.4GHz 6-Axis Airplane B,15.059999999999999,1,4,0,rose_liu,//www.dhgate.com/store/14240369,97.8
http://www.dhgate.com/w/%27drone%27/1.html,New Arrival S-SERIES S30W Double GPS Dynamic Follow WIFI FPV With 720P Wide Angle Camera RC Drone Quadcopter Racing VS MJX Bugs6,97.46,1,1,0,ouronlinelife,//www.dhgate.com/store/19781525,97.9
http://www.dhgate.com/w/%27drone%27/1.html,H37 MINI BABY Drone ELFIE Foldable RC Drone RTF WiFi FPV 720P HD   G-sensor RC Drone Quadcopter Helicopter RT RTF,50.489999999999995,1,0,0,shuokai002,//www.dhgate.com/store/21058252,0
http://www.dhgate.com/w/%27drone%27/1.html,Watch Style DH-800 2.4G 4CH Mini G-sensor Foldable Drone Height Hold Remote Controller Portable Quadcopter RTF Drone with camera XB,30.845,1,0,0,jyzg,//www.dhgate.com/store/jyzg,98.9
http://www.dhgate.com/w/%27drone%27/1.html,JJR C JJRC H43WH H43 Selfie Elfie WIFI FPV With HD Camera Altitude Hold Headless Mode Foldable Arm RC Quadcopter Drone H37 Mini,31.900000000000002,1,2,2,xiebinhong,//www.dhgate.com/store/19820799,97.5
http://www.dhgate.com/w/%27drone%27/1.html,Wholesale- 6pcs Yuneec Typhoon H480 H Propeller Quick Release Black Red Propellers FPV Drone Props with Base A B Blades for RC Quadcopter,15.39,2,0,0,knite08,//www.dhgate.com/store/20324473,97.2
http://www.dhgate.com/w/%27drone%27/1.html,KY901 Mini Wifi RC Quadcopter Drone with Camera 2.4G 4CH 6-Axis Gyro 360 Degree Roll Foldable Aircraft Helicopter 0.3MP Camera,42.245000000000005,1,0,0,guojiangcomputer,//www.dhgate.com/store/21090330,0
http://www.dhgate.com/w/%27drone%27/1.html,KY101S Super Long 20min Flight Time 2.4GHZ HD Camera Original Aerial Vehicle With Gyro APP Controller ONE-KEY Return RC Drone,83.715,1,1,0,lfc317,//www.dhgate.com/store/21020527,0
http://www.dhgate.com/w/%27drone%27/1.html,Le-idea IDEA7 2.4G RC Drone Foldable Quadcopter with 720P Wide Angle Wifi Camera GPS Altitude Hold Headless One Key Return,130.325,1,0,0,shuokai001,//www.dhgate.com/store/21058490,100.0
http://www.dhgate.com/w/%27drone%27/1.html,Profession Drones MJX X101 Quadcopter 2.4G 6-Axis RC Helicopter with Gimbal with 720P C4008 FPV Wifi Camera HD VS SYMA X8C X600,118.08000000000001,1,4,1,augustsmoke,//www.dhgate.com/store/augustsmoke,97.9
http://www.dhgate.com/w/%27drone%27/1.html,Original JJRC H16 YiZhan Tarantula X6 Quadcopter RC Drone With Wide Angle 5MP Camera IOC Toys Gift RTF VS MJX X101 H502E,53.775000000000006,1,0,0,jjrc_official,//www.dhgate.com/store/21036060,0
http://www.dhgate.com/w/%27drone%27/1.html,Hot SG700 Optical Follow Drone with Camera Selfie Drones with Camera HD WiFi FPV Quadcopter Auto Return RC Dron Helicopter,49.76,1,1,1,best_price2018,//www.dhgate.com/store/20005165,94.0
http://www.dhgate.com/w/%27drone%27/1.html,Wholesale- Silicon Battery Charging Port Cover Dust-proof Cap for DJI MAVIC PRO Drone Accessories,3.975,11,0,0,jimlly,//www.dhgate.com/store/20242052,94.9
http://www.dhgate.com/w/%27drone%27/1.html,2.4GHz UFO Helicopter Mini rc drone FPV WIFI 200W 2MP HD Camera JXD 515W Timely Quadcopter Propeller Up and Down all protection,35.125,1,0,0,syma_wholesale,//www.dhgate.com/store/21035839,0
http://www.dhgate.com/w/%27drone%27/1.html,2018 New Mini Drone New FQ777 126C FQ777-126C Mini Spider With 2.0MP HD Camera Dual Mode MODE1 And MODE 2 One Key Switch RC 5pcs DHL,30.435,5,5,1,luckyshop168,https://www.dhgate.com/store/18264285,99.1
http://www.dhgate.com/w/%27drone%27/1.html,NEW RC Mini drone Quadcopter Toy M9912 X6 2.4G 4CH 6-axis Gyro Remote Control Helicopter,21.979999999999997,1,2,1,alisy,https://www.dhgate.com/store/14498732,99.2
http://www.dhgate.com/w/%27drone%27/2.html,"wholesale 3.65MM Drone Lens 1 2.3"" 16MP M12 Non Distortion 94Degree for DJI Phantom 4 3 Typhoon H Drones Modified Newly Coming",44.254999999999995,1,0,0,shuangyin1996,//www.dhgate.com/store/21060310,100.0
http://www.dhgate.com/w/%27drone%27/2.html,"wholesale 3.65MM Drone Lens 1 2.3"" 16MP M12 Non Distortion 94Degree for DJI Phantom 4 3 Typhoon H Drones Modified Newly Coming",44.254999999999995,1,0,0,shuokai004,//www.dhgate.com/store/21058498,0
http://www.dhgate.com/w/%27drone%27/2.html,Mini RC Quadcopter WiFi FPV 3D Display Copters 6 Axis Gyro Voice Controlled Drones Follow Me RTF Drone Controlled By Phone Drones HOT +B,29.125,5,10,0,luckyshop168,https://www.dhgate.com/store/18264285,99.1
http://www.dhgate.com/w/%27drone%27/2.html,"Newest DJI Mavic Pro Fly Folding FPV Drone With 4K HD Camera, OcuSync Live View GPS GLONASS System RC Quadcopter",1120.915,1,2,0,aasz,//www.dhgate.com/store/aasz,98.6
http://www.dhgate.com/w/%27drone%27/2.html,Freeshipping 5.4MM Lens 1 2.3 Inch 10MP IR 60D HFOV NON Distortion for Go pro Xiaomi Yi SJCAM Camera DJI Phantom Drones Hot,107.0,1,0,0,goodgo,//www.dhgate.com/store/19793464,100.0
http://www.dhgate.com/w/%27drone%27/2.html,"Plastic Body Shell W  Higher,Wider Landing Gear for DJI Phantom 2,DIY Drone, Upper Lower Cover,LED lamp cover,Battery cover",21.12,1,11,6,micronhobby,//www.dhgate.com/store/19786506,97.4
http://www.dhgate.com/w/%27drone%27/2.html,Global Drone GW180 Drone with Camera HD WIFI FPV Dron Hovering Quadrocopter Can Carry 4K Camera Drones VS SYMA X8 X8G X8W X8HW,61.42,1,1,1,jjrc_official,//www.dhgate.com/store/21036060,0
http://www.dhgate.com/w/%27drone%27/2.html,2.4G Portable JY018 Foldable Mini Selfie Drone Pocket Folding Quadcopter Altitude Hold Headless WIFI FPV 0.3MP Camera RC Helicopter Toys,34.61,4,17101,13,china_energy,//www.dhgate.com/store/20695790,97.1
http://www.dhgate.com/w/%27drone%27/2.html,Original Global Drone GW007 GW007-1 Upgraded Version 4CH 6-Axis WiFi FPV 2.4G RC Quadcopters With HD 2MP Camera VS SYMA X5C H12C,80.08,1,21,4,adeals,//www.dhgate.com/store/14775184,96.4
http://www.dhgate.com/w/%27drone%27/2.html,wholesale 2.97mm Lens f 4.0 90D HFOV 5MP Wide Angle NON DISTORTION 1 2.5 for Sports Camera and DJI Drones Gimbal Factory Sale,13.98,1,0,0,shuangyin003,//www.dhgate.com/store/21060417,100.0
http://www.dhgate.com/w/%27drone%27/2.html,6 Styles Air RC Flying Ball Drone Helicopter Ball Built-in Shinning LED Lighting for Kids Colorful Flying Helicopter Toy CCA7960 30pcs,6.38,30,60,2,top_toy,//www.dhgate.com/store/20329487,97.7
http://www.dhgate.com/w/%27drone%27/2.html,New 2.4G Portable JY018 Foldable Mini Selfie Drone Pocket Folding Quadcopter Altitude Hold Headless WIFI FPV 0.3MP Camera RC Helicopter Toys,35.615,4,675,34,gold_rose1,//www.dhgate.com/store/20492001,97.0
http://www.dhgate.com/w/%27drone%27/2.html,Gobal Drone Wifi FPV Drone With Camera HD Wide Angle 1080P Quadrocopter High Hold RC Dron Easy Remote Control Toys for Children,65.77,1,1,0,laurul,//www.dhgate.com/store/20252682,98.0
http://www.dhgate.com/w/%27drone%27/2.html,Wholesale-Motor Pinion Gear Set & Shaft Set for Parrot AR Drone 2.0 Quadcopter Black E0Xc HM011,6.48,3,8,1,toyshome,//www.dhgate.com/store/19905721,97.3
http://www.dhgate.com/w/%27drone%27/2.html,2018 hot selling DHD D5 Selfie FPV Drone With HD Camera Foldable RC Pocket Drones Phone Control Helicopter Mini Dron VS JJRC Quadcopter,24.02,1,1,0,imemorycards,//www.dhgate.com/store/20936473,93.5
http://www.dhgate.com/w/%27drone%27/2.html,2.4G Portable JY018 Foldable Mini Selfie Drone Pocket Folding Quadcopter Altitude Hold Headless WIFI FPV 0.3MP Camera RC Helicopter Toys,35.615,4,727,14,kyshadow,//www.dhgate.com/store/20460399,97.3
http://www.dhgate.com/w/%27drone%27/2.html,Profession Drones MJX X101 X101S Quadcopter 2.4G 6-Axis RC Helicopter with gimbal Drone with C4018 FPV Wifi Camera HD VS SYMA X8C X600,151.415,1,14,4,bowwa,//www.dhgate.com/store/bowwa,98.6
http://www.dhgate.com/w/%27drone%27/2.html,JJRC H31 Waterproof Drone Resistance to Fall Headless 6 Axis Gyro 2.4GHz 4CH Quadcopter One Key Return 360 Degree Rollover RTF,120.8,1,1,1,jiekeyi20170306,//www.dhgate.com/store/20622537,96.0
http://www.dhgate.com/w/%27drone%27/2.html,2018 Original New Arrival High quality drone long distance helicopter Free shipping four axis quadcopters RC camera drone,36.72,1,0,0,lmj1234,//www.dhgate.com/wholesale/products/ff8080815faf29cc015ffdc5b62d6696.html,0
http://www.dhgate.com/w/%27drone%27/2.html,JD-18 folding quadcopter EC drone UAV WIFI mobile phone control high altitude remote control aircraft rc helicopter,57.385000000000005,5,0,0,toy2000,//www.dhgate.com/store/20828477,98.8
http://www.dhgate.com/w/%27drone%27/2.html,2.4G 6CH Mini RC Quadcopter Drone with 0.3MP Camera HD Video RTF Quadcopter Drones Remote Control Helicopter Drone E905 Airplane Toys,28.485,1,60,15,jurston_package,//www.dhgate.com/store/20487918,94.3
http://www.dhgate.com/w/%27drone%27/2.html,"RC Drone with 720p HD Camera, 2.4GHz Ready to Fly Quadcopter with 4GB SD Card and LCD Display, easy to fly with remote control for drone",34.769999999999996,1,0,0,proxelleheadphones,//www.dhgate.com/wholesale/products/ff808081647a1c8c01647dd59d1820d6.html,100.0
http://www.dhgate.com/w/%27drone%27/2.html,TIANQU RC Drones Mini Drone With 2MP WiFi Camera HD Foldable Quadcopter WiFi FPV RTF Dron Altitude Hold RC Helicopter +NB,55.35,1,6,2,tlife,//www.dhgate.com/store/20803142,97.6
http://www.dhgate.com/w/%27drone%27/2.html,Newest RC Helicopter SYMA S109G 3CH Simulation Apache Drone Radio Remote Control Military Airplane Model Novelty KId Toys Gift 84pp YY,38.45,3,0,0,ganlu1992,//www.dhgate.com/store/20642964,99.4
http://www.dhgate.com/w/%27drone%27/2.html,JJRC H36 Mini Drone RC Drone Quadcopters Headless Mode One Key Return RC Helicopter VS JJRC H8 Mini H20 Dron Best Toys For Kids,41.685,1,0,0,m325612,//www.dhgate.com/store/20046539,0
http://www.dhgate.com/w/%27drone%27/2.html,S9W 2.4G 4CH 0.3MP HD Camera Mini Helicopter WIFI FPV Altitude Hold Flight Planning Foldable RC Quadcopter Selfie Drone 5pcs DHL,26.165,5,17,1,luckyshop168,https://www.dhgate.com/store/18264285,99.1
http://www.dhgate.com/w/%27drone%27/2.html,FQ777-610 RC Drone RC Remote Control Mini Helicopter Pilot 3.5CH 2 RFT Gyro with Retail Package,15.575000000000001,36,36,0,lamchin,https://www.dhgate.com/store/20397747,98.6
http://www.dhgate.com/w/%27drone%27/0.html,XS809HW Quadcopter Aircraft Wifi FPV 2.4G 4CH 6 Axis Altitude Hold Function RC Drone with 720P HD 2MP Camera Drone RC Toy Foldable Drone,55.08,1,234,79,drone,//www.dhgate.com/store/20252172,95.5
http://www.dhgate.com/w/%27drone%27/0.html,2.4G Portable JY018 Foldable Mini Selfie Drone Pocket Folding Quadcopter Altitude Hold Headless WIFI FPV Camera RC Helicopter Toys,30.035,1,10,1,lele666,//www.dhgate.com/store/14499780,100.0
http://www.dhgate.com/w/%27drone%27/0.html,New arrival Phone Control JXD523 Tracker Foldable Mini Rc Selfie Drone with Wifi FPV 720P HD Camera Altitude Hold&Headless Mode VS JJRC H37,28.675,5,25,0,luckyshop168,https://www.dhgate.com/store/18264285,99.1
http://www.dhgate.com/w/%27drone%27/0.html,0.3MP Foldable Selfie Drones 2.4ghz Wifi FPV RC Camera Drone Quadcopter 3D Filp Altitude Hold Remote Control Helicopter Toys,44.735,1,2,0,shuokai002,//www.dhgate.com/store/21058252,0
http://www.dhgate.com/w/%27drone%27/0.html,TIANQU VISUO XS809S Camera Drone WiFi FPV Camera MINI RC Altitude Hold Mode RC Drone Quadcopter Vs Eachine E58,59.475,1,1,1,shuokai003,//www.dhgate.com/store/21058495,66.7
http://www.dhgate.com/w/%27drone%27/0.html,JJRC DHD D5 Selfie FPV Drone With HD Camera Foldable RC Pocket Drones Phone Control Helicopter Mini Dron VS JJRC H37 523 Quadcopter,22.814999999999998,5,395,8,luckyshop168,//www.dhgate.com/store/18264285,99.1
http://www.dhgate.com/w/%27drone%27/0.html,JJRC H37 6-Axis Gyro ELFIE WIFI FPV HD Camera RC Quadcopter Foldable G-sensor RC Selfie Drone,28.535,1,121,22,jdstore,//www.dhgate.com/store/20598397,93.9
http://www.dhgate.com/w/%27drone%27/0.html,New S169 RC Drone Double Camera MINI Fold Selfie RC Helicopter With Wifi FPV 2MP Camera Quadcopter VS Visuo XS809HW drone sg700,72.125,1,8,2,luzhenbao526,//www.dhgate.com/store/21065426,100.0
http://www.dhgate.com/w/%27drone%27/0.html,"wholesale Perform flying stunts, shoot quick videos with EZ Shots, and learn about drones with coding education dji tello",124.88499999999999,1,2,0,chengdaphone010,//www.dhgate.com/store/21080088,0
http://www.dhgate.com/w/%27drone%27/0.html,JJRC DHD D5 Selfie Drone With Camera Foldable Pocket Rc Drones Phone Control RC Helicopter Fpv Quadcopter Mini Dron,24.740000000000002,1,78,8,xiebinhong,//www.dhgate.com/store/19820799,97.5
http://www.dhgate.com/w/%27drone%27/0.html,2017 New Toy XT-1 Drone With Camera 1080P HD Foldable RC Drones 2.4G 4CH 6-Axis RC Helicopter Real Time Quadcopter WIFI FPV RTF Dron 2MP,62.91,1,3,1,aaab,//www.dhgate.com/store/14143121,99.0
http://www.dhgate.com/w/%27drone%27/0.html,2.4GHz 6 axis gyro 1080P Camera drone quadcopter UAV remote flying WIFI 1080P 120 degree camera Helicopter Storage bag aircraft,68.575,1,1,0,liuyangjisuanji,//www.dhgate.com/store/21083135,0
http://www.dhgate.com/w/%27drone%27/0.html,Wholesale- TELESIN 4pcs Silicone Gel Motor Guard Cover Protective Motor Protector Motor Cap Set 4 Pack for DJI Mavic Pro Drones Accessory,7.71,3,1,0,knite08,//www.dhgate.com/store/20324473,97.2
http://www.dhgate.com/w/%27drone%27/0.html,S9 S9HW Mini Pocket Drones With HD Camera No Camera RC Helicopter Foldable WiFi FPV Dron RC Quadcopter Drone VS XS809hw JXD 523W,22.53,1,5,1,laurul,//www.dhgate.com/store/20252682,98.0
http://www.dhgate.com/w/%27drone%27/0.html,Cheap FQ777-124 Pocket Drone 4CH 6Axis Gyro Quadcopter Drones With Switchable Controller One Key To Return RTF UAV RC Helicopter Mini Drones,14.004999999999999,10,18530,17,zhaochun001,//www.dhgate.com/wholesale/products/ff8080815ac66b08015b0059ccaf7ca5.html,98.9
http://www.dhgate.com/w/%27drone%27/0.html,Led toy RC Helicopter Flying Induction LED Noctilucent Ball Quadcopter Drone Sensor Up grade infrared Induction flying Children Toys 20PCS,7.06,20,200,3,toys_8888,//www.dhgate.com/store/20913351,100.0
http://www.dhgate.com/w/%27drone%27/0.html,Selfie Drone JJRC H49 H49WH RC Mini Drone with 720P HD Wifi FPV Camera Helicopter RC Drone One Key Return,52.475,1,1,1,x56343363,//www.dhgate.com/store/20539372,99.6
http://www.dhgate.com/w/%27drone%27/0.html,JD-20 Mini RC Drone 4-Axis 2.4GHz 720P HD Wi-Fi Camera 3D Roll 120бу Angle Headless Mode Selfie Pocket Smart Altitude Hold Hover Drone,53.55,2,21,2,toymart,//www.dhgate.com/store/20901473,100.0
http://www.dhgate.com/w/%27drone%27/0.html,S9 Foldable 2.4GHz 6-Axis Wifi Real-Time Transmission Drone Headless One Key Return RC UFO Aircraft (Without Camera)With light,19.064999999999998,1,1,0,autfors,//www.dhgate.com/store/21076362,0
http://www.dhgate.com/w/%27drone%27/0.html,Mini S9 Folden GPS Drone 2.4G 4-Axis Remote Control RC Helicopter Drone With 2MP 5MP Wifi HD Camera Drones GPS aircraft,118.12,1,34,5,shinystore88,//www.dhgate.com/store/shinystore88,98.5
http://www.dhgate.com/w/%27drone%27/0.html,SYMA X5SW FPV WIFI RC Drone Quadcopter With Camera Original X5C Upgrade 2.0MP 2.4GHZ 6-Axis Real Time Toys Free Shipping OTH146,58.8,1,10,1,shenzhen11,//www.dhgate.com/store/shenzhen11,98.8
http://www.dhgate.com/w/%27drone%27/0.html,DJI Mavic Air Drone with 4K Camera 32MP Sphere Panoramas 3-Axis Gimbal Foldable Portable Mini Drone RC Aircraft Black Red White,736.81,1,3,0,airop2018,//www.dhgate.com/store/21088541,0
http://www.dhgate.com/w/%27drone%27/0.html,RC helicopter Drone kids toys Flying Ball Aircraft Led Flashing Light Up Toy Induction Electric sensor for Children,4.720000000000001,30,5000,5,rick1311,//www.dhgate.com/store/20790173,95.9
http://www.dhgate.com/w/%27drone%27/0.html,JJRC H47 ELFIE Plus with HD Camera Upgraded Foldable Arm RC Drone Quadcopter Helicopter VS H37 Mini Eachine E56,44.455,1,1,0,kakacola,//www.dhgate.com/store/14772739,97.5
http://www.dhgate.com/w/%27drone%27/0.html,WIFI Drone SH7 HD 1080P Camera RC Helicopter Drones 2MP camera Free shipping,65.65,1,3,0,fuxindinghua,//www.dhgate.com/store/21075269,0
http://www.dhgate.com/w/%27drone%27/0.html,NEW RC Mini drone Quadcopter Toy M9912 X6 2.4G 4CH 6-axis Gyro Remote Control Helicopter,21.979999999999997,1,2,1,alisy,https://www.dhgate.com/store/14498732,99.2
http://www.dhgate.com/w/%27drone%27/0.html,DH800 2.4G 4CH 6-Axis WIFI FPV Camera 0.3MP Portable Drone RC Quadcopter Watch Style Mini RC UFO Pocket Drone for Kids,35.38,1,12,3,xiebinhong,https://www.dhgate.com/store/19820799,97.5
